RUN_ID,REQUIREMENT_ID,ITERATION,ARTIFACT_TYPE,ARTIFACT_PATH,SHA256,BYTES
RUN-TRF-076-20260827T165502262310Z,TRF-076,,initial_context_pack,artifacts/context_pack_initial.json,c8758975b04caf37a5329b2cf86ea258e75ccadd133fca9b82f45f7071b3db0c,15191
RUN-TRF-076-20260827T165502262310Z,TRF-076,,few_shot_selection,artifacts/few_shots_selected.json,f104f2ac4a911a6679f0f370b7a06320cc4297b9a9200ffd13d4f0157c215ed3,3110
RUN-TRF-076-20260827T165502262310Z,TRF-076,1,generator_prompt,artifacts/attempt_01/generator_prompt.txt,c22bfdcb86d3bd82d4604982c2cdf31269f59741df0eb896cd128844b92362d0,29815
RUN-TRF-076-20260827T165502262310Z,TRF-076,1,generator_raw_response,artifacts/attempt_01/generator_raw.txt,ba1561b6c2f091909907fe1f6c987796f779d33ef24de66af957c1264afd46b1,4946
RUN-TRF-076-20260827T165502262310Z,TRF-076,1,candidate_shape,artifacts/attempt_01/candidate_shape.ttl,1fd69c1e3a1189fce654ba4887564383f5060521fba4634c33caaf2bea2e2ca8,4921
RUN-TRF-076-20260827T165502262310Z,TRF-076,1,deterministic_validation,artifacts/attempt_01/deterministic_validation.json,2987005be1ff7df7fbc0057c4f3f8c63a94be66af98e2892a84037c53a0832ce,725
RUN-TRF-076-20260827T165502262310Z,TRF-076,1,validator_prompt,artifacts/attempt_01/validator_prompt_01.txt,22d9110fc13611e0ea894cfea2f49358cc1249c0db7a4ea2ca8e098d7454d03a,29819
RUN-TRF-076-20260827T165502262310Z,TRF-076,1,validator_raw_response,artifacts/attempt_01/validator_raw_01.txt,9da9e825776efd3bd4fd79e407764e520603b6f41c4f70aa54aca7da154c01c0,400
RUN-TRF-076-20260827T165502262310Z,TRF-076,1,final_accepted_shape,final/final_shape.ttl,1fd69c1e3a1189fce654ba4887564383f5060521fba4634c33caaf2bea2e2ca8,4921
