RUN_ID,REQUIREMENT_ID,ITERATION,EVENT,QUERY_FEEDBACK,CANDIDATE_COUNT,MATCH_FOUND,CANONICAL_LOCAL_NAME,CANONICAL_IRI,FEEDBACK_APPENDIX
RUN-TRF-048-20260812T140806141500Z,TRF-048,1,matcher_search,"Deterministic validation prevents acceptance. Fix: Unapproved external/generated IRI(s):  ""0""^^xsd:decimal ||
                            (?actualArea * ?actualArea) <
                            (""3""^^xsd:decimal * ?baseArea * ?baseArea)
                        )
                    ) ||
                    (
                        ?baseArea < ""0""^^xsd:decimal &&
                        ?actualArea < ""0""^^xsd:decimal &&
                        (?actualArea * ?actualArea) 
Semantic validator feedback: Repair the deterministic vocabulary failure by rewriting the final squared comparison without a '>' operator, e.g. use (""3""^^xsd:decimal * ?baseArea * ?baseArea) < (?actualArea * ?actualArea), preserving its direction. Do not allow every positive m <= 13.3 unconditionally: encode m = 13.3 as the default and permit a smaller positive m only when canonical evidence establishes significantly different actual end/boundary conditions; locate the missing canonical evidence/applicability term. Remove the broad sh:targetSubjectsOf nltl:sectionModulus target because sectionModulus is not specific to longitudinal frames, and target the applicable longitudinal-frame entity using a canonical class or specific applicability path. Finally, the bracket-exclusion check must not silently pass when grossFrameShearArea or bracketArea is absent: require both operands when using actualArea = grossArea - bracketArea, or encode a canonical alternative form of exclusion evidence.",5,,,,
RUN-TRF-048-20260812T140806141500Z,TRF-048,1,matcher_decision,,,False,,,"No supplied candidate canonically represents evidence of significantly different actual end or boundary conditions, nor a longitudinal-frame-specific applicability class or path."
